Comment,Designator,JLCPCB P/N,Description,Flight,Footprint (for JLCPCB),Power Rating,Voltage Rating,Quantity
2.2uF,"C8, C26, C40, C45, C46, C47, C48, C49, C50, C53, C54",,,,201,,10V,11
4.7uF,"C6, C9, C15, C17, C22, C23, C43, C44, C51, C52",,,,201,,6.3V,10
0.1uF,"C10, C25, C34, C42, C70, C71, C72, C73, C74, C75",,,,201,,10V,10
1uF,"C3, C12, C13, C38, C41, C56, C58, C59, C61",,,,201,,10V,9
1uF,"C1, C2, C60, C62, C63, C88, C89",,,,402,,50V,7
22uF,"C4, C27, C67, C76, C77, C78, C80",,,,603,,6.3V,7
0.1uF,"C31, C69, C84, C85",,,,402,,50V,4
100uF,"C79, C81, C82, C83",,100uF 16V X5R 1210,,1210,,50V,4
8pF,"C18, C19",,,,402,,50V,2
10pF,"C20, C21",,,,402,,50V,2
4.7uF,"C66, C68",,,,402,,10V,2
3.3nF,"C86, C87",,3.3nF +-10% 100V X7R 0603,,402,,50V,2
10pF,C5,,,,201,,50V,1
22nF,C11,,,,402,,50V,1
0.22uF,C14,,,,201,,50V,1
47kΩ,"R37, R38, R39, R40, R41, R42, R43, R44, R45, R46, R47, R48",,,,402,,,12
22kΩ,"R51, R52, R53, R54, R55, R56, R57, R58, R59, R60, R61, R62",,,,402,,,12
100kΩ,"R8, R15, R19, R24, R31, R32, R49, R50",,,,402,,,8
10kΩ,"R4, R7, R16, R17, R21, R33",,,,402,,,6
4.7kΩ,"R10, R63, R64",,,,402,,,3
0Ω,"R2, R26",,,,402,,,2
33k,"R18, R20",,,,402,,,2
5.1kΩ,"R22, R23",,5.1k 0402,,402,,,2
22.1kΩ,"R29, R30",,22.1K 0402,,402,,,2
10mΩ,R1,C5116354,,,2512,3W,,1
10kΩ,R3,C3152014,,,201,,,1
2.2MΩ,R5,,,,402,,,1
1.27MΩ,R6,,,,402,,,1
806kΩ,R14,C3016043,,,402,,,1
4.7K - DNP,R25,,,,402,,,1
30.1kΩ,R27,C208856,30.1K 0402,,402,,,1
73.2kΩ,R28,,73.2K 0402,,402,,,1
30kΩ,R34,,,,402,,,1
18kΩ,R35,,,,402,,,1
3.3uH,"L3, L4",C304367,3.3uH Shielded Inductor,HPC5040NF-3R3MTH,,,,2
330uH,L1,C2049953,Inductor,SRN6045TA-331K,,,,1
DLW21HN900SQ2L,L2,C80529,Inductor,DLW21HN900SQ2L,,,,1
TPS54226PWPRPWP14_2P31X2P46-L,"U7, U8",C72066,Adjustable Switching Regulator,TPS54226PWPR,,,,2
TPS16630PWPR,U1,C1849462,Load Switch,TPS16630PWPR,,,,1
MIMXRT1176,U2,C1020268,Microcontroller,MIMXRT1176AVM8A,,,,1
MT29F1G01ABBFDWB,U4,C5330479,NAND Flash,MT29F1G01ABBFDWB,,,,1
USBLC6-2SC6,U5,C2687116,USB TVS diodes,USBLC6-2SC6,,,,1
MT48H32M16LFB4-6,U6,C1351581,SDRAM,MT48H32M16LFB4-6,,,,1
LT3014IS5-TRMPBF,U9,C666272,Adjustable LDO,,,,,1
CD40109BQNSRQ1,U10,C2677390,Level Shifter,,,,,1
24.0mHz,Y2,C1986107,24.0mHz Crystal Oscillator,XRCGB24M000F1H01R0,,,,1
32.768kHz,Y3,C145140,32.768kHz Crystal Oscillator,20021221-00010C4LF,,,,1
SW_DIP_x10,SW2,C319046,,,,,,1
SW_DIP_x04,SW3,C319050,,,,,,1
190mΩ,"FB1, FB2, FB3, FB6",C85812,Ferrite Bead,BLM15AG121SN1D,401,,,4
DF40C-100DP-0.4V(51),"J6, J7",C531031,Hirose Board-to-Board Connector,DF40C-100DP-0.4V(51),,,,2
USB_C_pycubed,J1,C319148,USB C Receptacle,U262-161N-4BVC11,,,,1
JTAG_SWD_10,J3,C180221,JTAG/SWD 10-pin connector,BD125-10-A-0305-0580-L-B,,,,1
