Designator,Mid X,Mid Y,Layer,Rotation,Val,Package
C1,47.5,-49.8,top,-90,1uF,Perfect_0402
C2,40.53,-48.87,top,-90,1uF,Perfect_0402
C18,36.05,-38.65,top,180,8pF,Perfect_0402
C19,38.65,-38.7,top,0,8pF,Perfect_0402
C20,31.57,-41.4,top,-90,10pF,Perfect_0402
C21,34.07,-41.4,top,-90,10pF,Perfect_0402
C27,52.5,-7,top,0,22uF,C_0603_1608Metric
C31,37.925,-46.2,top,0,0.1uF,Perfect_0402
C62,38.95,-27.265,top,0,1uF,Perfect_0402
C63,39,-34.445,top,180,1uF,Perfect_0402
C66,32.82,-9.78,top,0,4.7uF,Perfect_0402
C76,46,-39.6,top,0,22uF,C_0603_1608Metric
C77,41.12,-20.59,top,90,22uF,C_0603_1608Metric
C78,45.98,-41.2,top,0,22uF,C_0603_1608Metric
C79,54.66,-39.935,top,-90,100uF,C_1210_3225Metric
C80,42.6,-20.5841,top,90,22uF,C_0603_1608Metric
C81,40.19,-11.805,top,180,100uF,C_1210_3225Metric
C82,57.93,-39.94,top,-90,100uF,C_1210_3225Metric
C83,40.19,-8.485,top,180,100uF,C_1210_3225Metric
C84,50.29,-36.35,top,90,0.1uF,Perfect_0402
C85,45.6,-14.3,top,180,0.1uF,Perfect_0402
C86,52.68,-26.84,top,180,3.3nF,Perfect_0402
C87,35.68,-17.17,top,-90,3.3nF,Perfect_0402
C88,54.79,-26.84,top,0,1uF,Perfect_0402
C89,35.68,-15.19,top,90,1uF,Perfect_0402
FB6,11.78,-43.68,top,90,190mΩ,Perfect_0402
J1,30.3875,-2.399,top,180,USB_C_pycubed,USB_C_Receptacle_XKB_U262-161N-4BVC11
J2,56.68,-15.27,top,-90,353620650,MOLEX_35362-0650
J3,26.17,-43.1,top,-90,JTAG_SWD_10,PinHeader_2x05_P1.27mm_Vertical_SMD
J4,3.94,-43.5455,top,90,353620650,MOLEX_35362-0650
J5,8.54,-3.99,top,90,Conn_01x06,PinHeader_1x06_P2.54mm_Vertical
L1,50.1,-11.6,top,180,330uH,IND_SRN6045TA-331K
L2,29.89,-19.04,top,90,DLW21HN900SQ2L,IND4_CHOKE_0805
L3,50.23,-40.57,top,-90,3.3uH,L_2141
L4,47.22,-18,top,-90,3.3uH,L_2141
R1,51.8,-18.8375,top,90,10mΩ,R_2512_6332Metric
R2,41.1,-1.85,top,0,0Ω,Perfect_0402
R4,39.2,-49.3,top,90,10kΩ,Perfect_0402
R5,41.59,-48.88,top,-90,2.2MΩ,Perfect_0402
R6,41.09,-47.28,top,0,1.27MΩ,Perfect_0402
R7,37.95,-45,top,0,10kΩ,Perfect_0402
R14,51.6,-5.3,top,-90,806kΩ,Perfect_0402
R15,51.6,-3.4,top,-90,100kΩ,Perfect_0402
R16,50.79,-25.935,top,180,10kΩ,Perfect_0402
R17,48.36,-36.825,top,0,10kΩ,Perfect_0402
R18,38.95,-25.835,top,0,33k,Perfect_0402
R19,51.6,-1.5,top,-90,100kΩ,Perfect_0402
R20,50.81,-24.735,top,180,33k,Perfect_0402
R21,40.5,-4.6,top,-90,10kΩ,Perfect_0402
R22,27.92,-10.34,top,0,5.1kΩ,Perfect_0402
R23,31.64,-11.1,top,180,5.1kΩ,Perfect_0402
R25,8.59,-32.51,top,-90,4.7K - DNP,Perfect_0402
R27,56.9426,-28.5268,top,90,30.1kΩ,Perfect_0402
R28,35.955,-12.49,top,0,73.2kΩ,Perfect_0402
R29,58.1326,-28.5268,top,-90,22.1kΩ,Perfect_0402
R30,35.955,-11.28,top,180,22.1kΩ,Perfect_0402
R31,53.77,-25.58,top,0,100kΩ,Perfect_0402
R32,36.09,-19.44,top,180,100kΩ,Perfect_0402
R33,6.4,-6.4,top,90,10kΩ,Perfect_0402
R34,41.1,-3.1,top,0,30kΩ,Perfect_0402
R35,41.1,-0.9,top,0,18kΩ,Perfect_0402
R37,2.68,-21.09,top,90,47kΩ,Perfect_0402
R38,3.9522,-21.09,top,90,47kΩ,Perfect_0402
R39,5.2244,-21.09,top,90,47kΩ,Perfect_0402
R40,6.4967,-21.09,top,90,47kΩ,Perfect_0402
R41,7.7689,-21.09,top,90,47kΩ,Perfect_0402
R42,9.0411,-21.09,top,90,47kΩ,Perfect_0402
R43,10.3133,-21.09,top,90,47kΩ,Perfect_0402
R44,11.5856,-21.09,top,90,47kΩ,Perfect_0402
R45,12.8578,-21.09,top,90,47kΩ,Perfect_0402
R46,14.13,-21.09,top,90,47kΩ,Perfect_0402
R47,26.93,-14.16,top,90,47kΩ,Perfect_0402
R48,25.745,-14.16,top,90,47kΩ,Perfect_0402
R49,23.375,-14.16,top,90,100kΩ,Perfect_0402
R50,24.56,-14.16,top,90,100kΩ,Perfect_0402
R51,2.67,-24.39,top,-90,22kΩ,Perfect_0402
R52,3.9456,-24.39,top,-90,22kΩ,Perfect_0402
R53,5.2211,-24.39,top,-90,22kΩ,Perfect_0402
R54,6.4967,-24.39,top,-90,22kΩ,Perfect_0402
R55,7.7722,-24.39,top,-90,22kΩ,Perfect_0402
R56,9.0478,-24.39,top,-90,22kΩ,Perfect_0402
R57,10.3233,-24.39,top,-90,22kΩ,Perfect_0402
R58,11.5989,-24.39,top,-90,22kΩ,Perfect_0402
R59,12.8744,-24.39,top,-90,22kΩ,Perfect_0402
R60,14.15,-24.39,top,-90,22kΩ,Perfect_0402
R61,26.92,-17.2,top,-90,22kΩ,Perfect_0402
R62,25.76,-17.2,top,-90,22kΩ,Perfect_0402
R63,23.44,-17.2,top,-90,4.7kΩ,Perfect_0402
R64,24.6,-17.2,top,-90,4.7kΩ,Perfect_0402
SW1,33.6,-45.8,top,0,SWITCH_SMT4.6X2.8,BTN_KMR2_4.6X2.8
SW2,8.395,-14.215,top,0,SW_DIP_x10,SW-SMD_DSHP10TS-S
SW3,19.31,-14.26,top,0,SW_DIP_x04,SW-SMD_8P-L6.7-W5.4-P1.27-LS8.5
U1,46.7,-4,top,180,TPS16630PWPR,HTSSOP20_PWP_TEX
U2,30,-29.9992,top,0,MIMXRT1176,U_MIMXRT1176DVMAA_NXP
U3,44.95,-32.55,top,180,EM064LXQADG13IS1T,SON127P800X600X95-9N-D
U4,44.95,-25.335,top,0,MT29F1G01ABBFDWB,UDFN800X600X65-8
U5,29.9058,-14.9561,top,-90,USBLC6-2SC6,SOT23-6L_STM
U6,13.875,-34.725,top,180,MT48H32M16LFB4-6,VFBGA54_8X8_MRN
U7,53.3027,-31.5954,top,-90,TPS54226PWPRPWP14_2P31X2P46-L,PWP14_2P31X2P46-L
U8,40.485,-16.4414,top,0,TPS54226PWPRPWP14_2P31X2P46-L,PWP14_2P31X2P46-L
U9,44.62,-49.27,top,180,LT3014IS5-TRMPBF,S_5_ADI
U10,53.6,-48.8,top,-90,CD40109BQNSRQ1,NS16
Y2,37.35,-40.48,top,180,24.0mHz,Crystal_SMD_2016-4Pin_2.0x1.6mm
Y3,32.8,-39.3,top,0,32.768kHz,Crystal_SMD_3215-2Pin_3.2x1.5mm
C3,32.45,-37,bottom,90,1uF,Perfect_0201
C4,30,-29.22,bottom,90,22uF,C_0603_1608Metric
C5,22.7,-31.65,bottom,-135,10pF,Perfect_0201
C6,31.2,-29.2,bottom,0,4.7uF,Perfect_0201
C8,34,-36.775,bottom,-90,2.2uF,Perfect_0201
C9,32.45,-35.23,bottom,-90,4.7uF,Perfect_0201
C10,28.8,-29.2,bottom,180,0.1uF,Perfect_0201
C11,49.7,-2.3,bottom,90,22nF,Perfect_0402
C12,30.36,-31.04,bottom,-135,1uF,Perfect_0201
C13,31.2,-30,bottom,0,1uF,Perfect_0201
C14,33.73,-35.33,bottom,135,0.22uF,Perfect_0201
C15,32.674454,-34.274454,bottom,-45,4.7uF,Perfect_0201
C17,31.2,-30.8,bottom,0,4.7uF,Perfect_0201
C22,28.8,-30,bottom,180,4.7uF,Perfect_0201
C23,31.41,-34.19,bottom,-135,4.7uF,Perfect_0201
C25,31.525,-36.98,bottom,-90,0.1uF,Perfect_0201
C26,31.35,-33.45,bottom,-135,2.2uF,Perfect_0201
C34,31.6,-32.13,bottom,90,0.1uF,Perfect_0201
C38,34.8,-31.2,bottom,-90,1uF,Perfect_0201
C40,35.375,-28.55,bottom,180,2.2uF,Perfect_0201
C41,33.5,-29.7,bottom,45,1uF,Perfect_0201
C42,32.95,-30.25,bottom,-135,0.1uF,Perfect_0201
C43,37.35,-32.7,bottom,-90,4.7uF,Perfect_0201
C44,33.25,-32,bottom,0,4.7uF,Perfect_0201
C45,28.4,-34.4,bottom,-90,2.2uF,Perfect_0201
C46,33.25,-31.2,bottom,0,2.2uF,Perfect_0201
C47,32.4,-25.6,bottom,90,2.2uF,Perfect_0201
C48,28.67,-26.42,bottom,0,2.2uF,Perfect_0201
C49,34,-25.6,bottom,90,2.2uF,Perfect_0201
C50,33.2,-28,bottom,90,2.2uF,Perfect_0201
C51,28.4,-28,bottom,-90,4.7uF,Perfect_0201
C52,27.6,-30.5,bottom,-90,4.7uF,Perfect_0201
C53,27.6,-27.9,bottom,-90,2.2uF,Perfect_0201
C54,28,-29.6,bottom,0,2.2uF,Perfect_0201
C56,29.804454,-27.404454,bottom,135,1uF,Perfect_0201
C58,32,-29.2,bottom,180,1uF,Perfect_0201
C59,32.4,-28,bottom,90,1uF,Perfect_0201
C60,37.05,-26,bottom,0,1uF,Perfect_0402
C61,35.6,-26.3,bottom,-90,1uF,Perfect_0201
C67,17.25,-42.63,bottom,0,22uF,C_0603_1608Metric
C68,17.25,-41.36,bottom,0,4.7uF,Perfect_0402
C69,17.25,-40.09,bottom,0,0.1uF,Perfect_0402
C70,12.5,-39.34,bottom,-90,0.1uF,Perfect_0201
C71,14.56,-38.47,bottom,-90,0.1uF,Perfect_0201
C72,10.09,-39.35,bottom,-90,0.1uF,Perfect_0201
C73,14.57,-35.49,bottom,180,0.1uF,Perfect_0201
C74,8.59,-34.68,bottom,-90,0.1uF,Perfect_0201
C75,13.58,-37.88,bottom,-90,0.1uF,Perfect_0201
FB1,37.92,-30.02,bottom,0,190mΩ,Perfect_0402
FB2,37.835,-31.15,bottom,180,190mΩ,Perfect_0402
FB3,37.8,-27.3,bottom,180,190mΩ,Perfect_0402
J6,42,-56,bottom,180,DF40C-100DP-0.4V(51),DF40C100DP04V51
J7,18,-56,bottom,180,DF40C-100DP-0.4V(51),DF40C100DP04V51
J8,56.37,-36.432,bottom,180,SAMTEC-FTS-105-03-X-DV,SAMTEC-FTS-105-03-X-DV
R3,30.8,-28,bottom,90,10kΩ,Perfect_0201
R8,30,-36.95,bottom,-90,100kΩ,Perfect_0402
R10,27.05,-36.4,bottom,0,4.7kΩ,Perfect_0402
R24,22.35,-33.9,bottom,-90,100kΩ,Perfect_0402
R26,21.95,-30.79,bottom,-135,0Ω,Perfect_0402
